mean_fit_time,std_fit_time,mean_score_time,std_score_time,param_selector__L,param_selector__MS,param_selector__algorithm,param_selector__dispersion_measure,params,split0_test_score,split1_test_score,split2_test_score,split3_test_score,split4_test_score,split5_test_score,split6_test_score,split7_test_score,split8_test_score,split9_test_score,mean_test_score,std_test_score,rank_test_score,split0_train_score,split1_train_score,split2_train_score,split3_train_score,split4_train_score,split5_train_score,split6_train_score,split7_train_score,split8_train_score,split9_train_score,mean_train_score,std_train_score
25.701618194580078,0.12043214151535298,3.1644529819488527,0.08607392169516499,0.7,0.7,algorithm1,MM,"{'selector__L': 0.7, 'selector__MS': 0.7, 'selector__algorithm': 'algorithm1', 'selector__dispersion_measure': 'MM'}",0.2798507462686567,0.2889165628891656,0.29638854296388545,0.29514321295143214,0.2889165628891656,0.29140722291407223,0.2876712328767123,0.29389788293897884,0.29140722291407223,0.29140722291407223,0.2905006412520213,0.0044347739964122725,28,0.3013698630136986,0.29897620365246264,0.2934421693414499,0.2953790813503044,0.29620918649695627,0.29676258992805754,0.2948256779192031,0.2948256779192031,0.29371887105700056,0.2996679579413392,0.2965177278619675,0.002529459725423697
24.444016027450562,0.6023660137784878,3.056297206878662,0.083309411354649,0.7,0.7,algorithm1,MAD,"{'selector__L': 0.7, 'selector__MS': 0.7, 'selector__algorithm': 'algorithm1', 'selector__dispersion_measure': 'MAD'}",0.2798507462686567,0.2889165628891656,0.29638854296388545,0.29514321295143214,0.2889165628891656,0.29140722291407223,0.2889165628891656,0.29389788293897884,0.29140722291407223,0.29140722291407223,0.29062517425326667,0.004370593458718758,1,0.3013698630136986,0.29897620365246264,0.2934421693414499,0.2953790813503044,0.29620918649695627,0.29676258992805754,0.29454897620365245,0.2948256779192031,0.29371887105700056,0.2998063087991146,0.29650389277618994,0.0025667784485599583
23.15250813961029,0.7232610039349641,3.0761227130889894,0.12205174884249635,0.7,0.7,algorithm1,TV,"{'selector__L': 0.7, 'selector__MS': 0.7, 'selector__algorithm': 'algorithm1', 'selector__dispersion_measure': 'TV'}",0.2798507462686567,0.2889165628891656,0.29638854296388545,0.29514321295143214,0.2889165628891656,0.29140722291407223,0.2889165628891656,0.29389788293897884,0.29140722291407223,0.29140722291407223,0.29062517425326667,0.004370593458718758,1,0.3013698630136986,0.29897620365246264,0.2934421693414499,0.2953790813503044,0.29620918649695627,0.29676258992805754,0.29454897620365245,0.2948256779192031,0.29371887105700056,0.2998063087991146,0.29650389277618994,0.0025667784485599583
21.525604677200317,1.5844037122230363,3.039385271072388,0.08776278916786996,0.7,0.7,algorithm1,AMGM,"{'selector__L': 0.7, 'selector__MS': 0.7, 'selector__algorithm': 'algorithm1', 'selector__dispersion_measure': 'AMGM'}",0.2798507462686567,0.2889165628891656,0.29638854296388545,0.29514321295143214,0.2889165628891656,0.29140722291407223,0.2889165628891656,0.29389788293897884,0.29140722291407223,0.29140722291407223,0.29062517425326667,0.004370593458718758,1,0.3013698630136986,0.29897620365246264,0.2934421693414499,0.2953790813503044,0.29620918649695627,0.29676258992805754,0.2946873270614278,0.2948256779192031,0.29371887105700056,0.2998063087991146,0.2965177278619675,0.002556556553929552
15.35121762752533,0.7993077850045608,2.6891081809997557,0.15309485523043065,0.7,0.7,algorithm2,MM,"{'selector__L': 0.7, 'selector__MS': 0.7, 'selector__algorithm': 'algorithm2', 'selector__dispersion_measure': 'MM'}",0.291044776119403,0.2889165628891656,0.2889165628891656,0.29140722291407223,0.2876712328767123,0.2876712328767123,0.2851805728518057,0.2901618929016189,0.2876712328767123,0.2876712328767123,0.288631252207208,0.0017784969164851385,73,0.2907153729071537,0.2910902047592695,0.2908135030437189,0.2905368013281682,0.2912285556170448,0.2910902047592695,0.2908135030437189,0.2909518539014942,0.2909518539014942,0.2910902047592695,0.29092820580206014,0.00019871291147401722
16.12012894153595,0.8620954977045355,2.843090844154358,0.10273491114260706,0.7,0.7,algorithm2,MAD,"{'selector__L': 0.7, 'selector__MS': 0.7, 'selector__algorithm': 'algorithm2', 'selector__dispersion_measure': 'MAD'}",0.27860696517412936,0.29265255292652553,0.29265255292652553,0.2901618929016189,0.2901618929016189,0.2851805728518057,0.286425902864259,0.2901618929016189,0.2876712328767123,0.2876712328767123,0.2881346691201526,0.003949743189407103,93,0.2940362529403625,0.2912285556170448,0.2910902047592695,0.2924737133370227,0.2917819590481461,0.2924737133370227,0.29136690647482016,0.2910902047592695,0.29205866076369674,0.29371887105700056,0.2921319042093655,0.0010038942546007755
13.769107437133789,0.8496621451851978,2.9706676244735717,0.22456027702888706,0.7,0.7,algorithm2,TV,"{'selector__L': 0.7, 'selector__MS': 0.7, 'selector__algorithm': 'algorithm2', 'selector__dispersion_measure': 'TV'}",0.277363184079602,0.29389788293897884,0.29265255292652553,0.2901618929016189,0.2889165628891656,0.286425902864259,0.2851805728518057,0.2889165628891656,0.2876712328767123,0.2901618929016189,0.28813482401194523,0.004369829809412393,89,0.2940362529403625,0.2902600996126176,0.2912285556170448,0.29136690647482016,0.29192030990592144,0.29150525733259547,0.2916436081903708,0.2916436081903708,0.29136690647482016,0.2928887659103486,0.2917860270649272,0.0009699243470672536
14.31675465106964,1.1668739841930778,2.7489261627197266,0.5176585619119003,0.7,0.7,algorithm2,AMGM,"{'selector__L': 0.7, 'selector__MS': 0.7, 'selector__algorithm': 'algorithm2', 'selector__dispersion_measure': 'AMGM'}",0.2922885572139303,0.29389788293897884,0.29140722291407223,0.29140722291407223,0.2889165628891656,0.286425902864259,0.2851805728518057,0.2889165628891656,0.2901618929016189,0.2901618929016189,0.28987642732786867,0.002502797935833769,57,0.2904386329043863,0.295655783065855,0.2909518539014942,0.2912285556170448,0.29136690647482016,0.2912285556170448,0.29136690647482016,0.29136690647482016,0.2909518539014942,0.29219701162147205,0.2916752966053252,0.001392013048078387
19.039211773872374,1.1690051565367268,3.531778645515442,0.1647282308965576,0.7,0.75,algorithm1,MM,"{'selector__L': 0.7, 'selector__MS': 0.75, 'selector__algorithm': 'algorithm1', 'selector__dispersion_measure': 'MM'}",0.2798507462686567,0.2889165628891656,0.29638854296388545,0.29514321295143214,0.2889165628891656,0.29140722291407223,0.2876712328767123,0.29389788293897884,0.29140722291407223,0.29140722291407223,0.2905006412520213,0.0044347739964122725,28,0.3013698630136986,0.29897620365246264,0.2934421693414499,0.2953790813503044,0.29620918649695627,0.29676258992805754,0.2948256779192031,0.2948256779192031,0.29371887105700056,0.2996679579413392,0.2965177278619675,0.002529459725423697
19.439199900627138,1.125865620248426,3.8100241899490355,0.2604386484003447,0.7,0.75,algorithm1,MAD,"{'selector__L': 0.7, 'selector__MS': 0.75, 'selector__algorithm': 'algorithm1', 'selector__dispersion_measure': 'MAD'}",0.2798507462686567,0.2889165628891656,0.29638854296388545,0.29514321295143214,0.2889165628891656,0.29140722291407223,0.2889165628891656,0.29389788293897884,0.29140722291407223,0.29140722291407223,0.29062517425326667,0.004370593458718758,1,0.3013698630136986,0.29897620365246264,0.2934421693414499,0.2953790813503044,0.29620918649695627,0.29676258992805754,0.29454897620365245,0.2948256779192031,0.29371887105700056,0.2998063087991146,0.29650389277618994,0.0025667784485599583
20.066043901443482,1.6480295651823513,4.0856544971466064,0.91036848077708,0.7,0.75,algorithm1,TV,"{'selector__L': 0.7, 'selector__MS': 0.75, 'selector__algorithm': 'algorithm1', 'selector__dispersion_measure': 'TV'}",0.2798507462686567,0.2889165628891656,0.29638854296388545,0.29514321295143214,0.2889165628891656,0.29140722291407223,0.2889165628891656,0.29389788293897884,0.29140722291407223,0.29140722291407223,0.29062517425326667,0.004370593458718758,1,0.3013698630136986,0.29897620365246264,0.2934421693414499,0.2953790813503044,0.29620918649695627,0.29676258992805754,0.29454897620365245,0.2948256779192031,0.29371887105700056,0.2998063087991146,0.29650389277618994,0.0025667784485599583
22.999270939826964,2.418784916863005,3.863770365715027,0.18830732110398885,0.7,0.75,algorithm1,AMGM,"{'selector__L': 0.7, 'selector__MS': 0.75, 'selector__algorithm': 'algorithm1', 'selector__dispersion_measure': 'AMGM'}",0.2798507462686567,0.2889165628891656,0.29638854296388545,0.29514321295143214,0.2889165628891656,0.29140722291407223,0.2889165628891656,0.29389788293897884,0.29140722291407223,0.29140722291407223,0.29062517425326667,0.004370593458718758,1,0.3013698630136986,0.29897620365246264,0.2934421693414499,0.2953790813503044,0.29620918649695627,0.29676258992805754,0.2946873270614278,0.2948256779192031,0.29371887105700056,0.2998063087991146,0.2965177278619675,0.002556556553929552
16.70552604198456,0.8578887158779221,3.9640023469924928,0.3211957423548001,0.7,0.75,algorithm2,MM,"{'selector__L': 0.7, 'selector__MS': 0.75, 'selector__algorithm': 'algorithm2', 'selector__dispersion_measure': 'MM'}",0.291044776119403,0.2889165628891656,0.2889165628891656,0.29140722291407223,0.2889165628891656,0.2876712328767123,0.2851805728518057,0.2901618929016189,0.2876712328767123,0.2876712328767123,0.28875578520845335,0.0017502912102216996,65,0.2907153729071537,0.2910902047592695,0.2909518539014942,0.2903984504703929,0.2912285556170448,0.2912285556170448,0.2909518539014942,0.2909518539014942,0.2909518539014942,0.2910902047592695,0.29095587597361516,0.00023525017450983643
16.69500207901001,1.2989506259543724,4.06254723072052,0.2580804671582198,0.7,0.75,algorithm2,MAD,"{'selector__L': 0.7, 'selector__MS': 0.75, 'selector__algorithm': 'algorithm2', 'selector__dispersion_measure': 'MAD'}",0.27860696517412936,0.29265255292652553,0.29389788293897884,0.2901618929016189,0.2901618929016189,0.2851805728518057,0.286425902864259,0.2901618929016189,0.2876712328767123,0.2876712328767123,0.288259202121398,0.004106738211431416,81,0.29389788293897884,0.2912285556170448,0.2909518539014942,0.2924737133370227,0.29205866076369674,0.2924737133370227,0.29136690647482016,0.2912285556170448,0.29205866076369674,0.29371887105700056,0.2921457373807822,0.0009741378171621159
85.23480017185211,106.58251857076861,49.84239799976349,93.08459590391804,0.7,0.75,algorithm2,TV,"{'selector__L': 0.7, 'selector__MS': 0.75, 'selector__algorithm': 'algorithm2', 'selector__dispersion_measure': 'TV'}",0.27860696517412936,0.29389788293897884,0.29265255292652553,0.2901618929016189,0.2889165628891656,0.286425902864259,0.2851805728518057,0.2889165628891656,0.2876712328767123,0.2901618929016189,0.288259202121398,0.004068799499760036,81,0.29417462294174623,0.2902600996126176,0.2912285556170448,0.29136690647482016,0.2917819590481461,0.29150525733259547,0.2916436081903708,0.29150525733259547,0.29136690647482016,0.29233536247924735,0.2917168535504004,0.0009553965680208647
12.192118406295776,1.0289879192382787,3.0354913234710694,0.3808295670114023,0.7,0.75,algorithm2,AMGM,"{'selector__L': 0.7, 'selector__MS': 0.75, 'selector__algorithm': 'algorithm2', 'selector__dispersion_measure': 'AMGM'}",0.2922885572139303,0.29763387297633875,0.29140722291407223,0.29140722291407223,0.2889165628891656,0.286425902864259,0.2851805728518057,0.2889165628891656,0.2901618929016189,0.2901618929016189,0.2902500263316047,0.0032442267287760575,53,0.29057700290577004,0.30727725511898174,0.2909518539014942,0.2912285556170448,0.29136690647482016,0.2912285556170448,0.29150525733259547,0.29136690647482016,0.2910902047592695,0.29219701162147205,0.2928789509823313,0.004815554854970289
18.10480546951294,0.9715030549673138,3.174615716934204,0.18307574017315983,0.7,0.8,algorithm1,MM,"{'selector__L': 0.7, 'selector__MS': 0.8, 'selector__algorithm': 'algorithm1', 'selector__dispersion_measure': 'MM'}",0.2798507462686567,0.2889165628891656,0.29638854296388545,0.29514321295143214,0.2889165628891656,0.29140722291407223,0.2876712328767123,0.29389788293897884,0.29140722291407223,0.29140722291407223,0.2905006412520213,0.0044347739964122725,28,0.3013698630136986,0.29897620365246264,0.2934421693414499,0.2953790813503044,0.29620918649695627,0.29676258992805754,0.2948256779192031,0.2948256779192031,0.29371887105700056,0.2996679579413392,0.2965177278619675,0.002529459725423697
18.68182203769684,3.7549816289888107,3.495880699157715,0.21731101795919727,0.7,0.8,algorithm1,MAD,"{'selector__L': 0.7, 'selector__MS': 0.8, 'selector__algorithm': 'algorithm1', 'selector__dispersion_measure': 'MAD'}",0.2798507462686567,0.2889165628891656,0.29638854296388545,0.29514321295143214,0.2889165628891656,0.29140722291407223,0.2889165628891656,0.29389788293897884,0.29140722291407223,0.29140722291407223,0.29062517425326667,0.004370593458718758,1,0.3013698630136986,0.29897620365246264,0.2934421693414499,0.2953790813503044,0.29620918649695627,0.29676258992805754,0.29454897620365245,0.2948256779192031,0.29371887105700056,0.2998063087991146,0.29650389277618994,0.0025667784485599583
18.015466713905333,1.6220739716722083,3.4535999298095703,0.21139463009859122,0.7,0.8,algorithm1,TV,"{'selector__L': 0.7, 'selector__MS': 0.8, 'selector__algorithm': 'algorithm1', 'selector__dispersion_measure': 'TV'}",0.2798507462686567,0.2889165628891656,0.29638854296388545,0.29514321295143214,0.2889165628891656,0.29140722291407223,0.2889165628891656,0.29389788293897884,0.29140722291407223,0.29140722291407223,0.29062517425326667,0.004370593458718758,1,0.3013698630136986,0.29897620365246264,0.2934421693414499,0.2953790813503044,0.29620918649695627,0.29676258992805754,0.29454897620365245,0.2948256779192031,0.29371887105700056,0.2998063087991146,0.29650389277618994,0.0025667784485599583
22.199777960777283,2.7968608100039365,5.0596187829971315,0.7100576911411547,0.7,0.8,algorithm1,AMGM,"{'selector__L': 0.7, 'selector__MS': 0.8, 'selector__algorithm': 'algorithm1', 'selector__dispersion_measure': 'AMGM'}",0.2798507462686567,0.2889165628891656,0.29638854296388545,0.29514321295143214,0.2889165628891656,0.29140722291407223,0.2889165628891656,0.29389788293897884,0.29140722291407223,0.29140722291407223,0.29062517425326667,0.004370593458718758,1,0.3013698630136986,0.29897620365246264,0.2934421693414499,0.2953790813503044,0.29620918649695627,0.29676258992805754,0.2946873270614278,0.2948256779192031,0.29371887105700056,0.2998063087991146,0.2965177278619675,0.002556556553929552
22.126354360580443,2.1307454026661294,4.495463562011719,0.32265699305716133,0.7,0.8,algorithm2,MM,"{'selector__L': 0.7, 'selector__MS': 0.8, 'selector__algorithm': 'algorithm2', 'selector__dispersion_measure': 'MM'}",0.2885572139303483,0.2901618929016189,0.2901618929016189,0.29140722291407223,0.2889165628891656,0.2876712328767123,0.2851805728518057,0.2889165628891656,0.2889165628891656,0.2876712328767123,0.2887560949920385,0.0016197539471384972,61,0.2909921129099211,0.29136690647482016,0.2909518539014942,0.2908135030437189,0.2912285556170448,0.2912285556170448,0.29136690647482016,0.29136690647482016,0.29136690647482016,0.29192030990592144,0.2912602516894426,0.0002915097009155214
15.494142007827758,0.8681707863771677,2.9276352643966677,0.1961137025637929,0.7,0.8,algorithm2,MAD,"{'selector__L': 0.7, 'selector__MS': 0.8, 'selector__algorithm': 'algorithm2', 'selector__dispersion_measure': 'MAD'}",0.2798507462686567,0.29389788293897884,0.29389788293897884,0.2901618929016189,0.2901618929016189,0.2851805728518057,0.2876712328767123,0.29140722291407223,0.286425902864259,0.2876712328767123,0.28863264623334134,0.0040444755758658,69,0.29514321295143214,0.29150525733259547,0.2917819590481461,0.2924737133370227,0.29205866076369674,0.2924737133370227,0.2924737133370227,0.2924737133370227,0.29233536247924735,0.29427227448810184,0.29269915804113106,0.0010705436883453338
15.272784066200256,2.1630074285212784,3.67591016292572,0.33234321848304554,0.7,0.8,algorithm2,TV,"{'selector__L': 0.7, 'selector__MS': 0.8, 'selector__algorithm': 'algorithm2', 'selector__dispersion_measure': 'TV'}",0.27860696517412936,0.29140722291407223,0.29265255292652553,0.2901618929016189,0.2901618929016189,0.286425902864259,0.286425902864259,0.29265255292652553,0.2876712328767123,0.2889165628891656,0.2885082681238886,0.00394713446198143,77,0.29514321295143214,0.2934421693414499,0.29219701162147205,0.29136690647482016,0.29192030990592144,0.29192030990592144,0.29192030990592144,0.29192030990592144,0.29233536247924735,0.2934421693414499,0.29256080718335575,0.0010710712644514658
15.83634181022644,1.0119310020255388,3.7847185134887695,0.318344219057217,0.7,0.8,algorithm2,AMGM,"{'selector__L': 0.7, 'selector__MS': 0.8, 'selector__algorithm': 'algorithm2', 'selector__dispersion_measure': 'AMGM'}",0.2885572139303483,0.298879202988792,0.29389788293897884,0.29140722291407223,0.2901618929016189,0.2851805728518057,0.286425902864259,0.29265255292652553,0.2876712328767123,0.2889165628891656,0.2903750240082278,0.0038255653441951567,46,0.29113048291130483,0.30949086884338683,0.2917819590481461,0.29233536247924735,0.2917819590481461,0.29219701162147205,0.29192030990592144,0.2917819590481461,0.29219701162147205,0.2924737133370227,0.2937090637864265,0.005272959682764958
19.220520401000975,2.1823014261343237,3.926919937133789,0.5574420355376187,0.8,0.7,algorithm1,MM,"{'selector__L': 0.8, 'selector__MS': 0.7, 'selector__algorithm': 'algorithm1', 'selector__dispersion_measure': 'MM'}",0.2798507462686567,0.2889165628891656,0.29763387297633875,0.29389788293897884,0.2889165628891656,0.29140722291407223,0.2876712328767123,0.29389788293897884,0.29140722291407223,0.29140722291407223,0.2905006412520213,0.004504171303938301,28,0.30150823301508234,0.29883785279468733,0.2934421693414499,0.2946873270614278,0.29607083563918096,0.29690094078583285,0.2951023796347537,0.2948256779192031,0.2933038184836746,0.29911455451023794,0.29637937891855304,0.002553266044479836
23.934293580055236,2.8484715730602677,4.345097446441651,0.18734709687607026,0.8,0.7,algorithm1,MAD,"{'selector__L': 0.8, 'selector__MS': 0.7, 'selector__algorithm': 'algorithm1', 'selector__dispersion_measure': 'MAD'}",0.2798507462686567,0.2889165628891656,0.29763387297633875,0.29389788293897884,0.2889165628891656,0.29140722291407223,0.2889165628891656,0.29389788293897884,0.29140722291407223,0.29140722291407223,0.29062517425326667,0.00444099379839265,1,0.301646603016466,0.29883785279468733,0.2934421693414499,0.2946873270614278,0.29607083563918096,0.29690094078583285,0.2946873270614278,0.2948256779192031,0.2933038184836746,0.29911455451023794,0.2963517106613588,0.002604896107043467
27.483408999443053,3.750670144889577,5.533447813987732,0.38201176734058595,0.8,0.7,algorithm1,TV,"{'selector__L': 0.8, 'selector__MS': 0.7, 'selector__algorithm': 'algorithm1', 'selector__dispersion_measure': 'TV'}",0.2798507462686567,0.2889165628891656,0.29763387297633875,0.29389788293897884,0.2889165628891656,0.29140722291407223,0.2889165628891656,0.29389788293897884,0.29140722291407223,0.29140722291407223,0.29062517425326667,0.00444099379839265,1,0.301646603016466,0.29883785279468733,0.2934421693414499,0.2946873270614278,0.29607083563918096,0.29690094078583285,0.2946873270614278,0.2948256779192031,0.2933038184836746,0.29911455451023794,0.2963517106613588,0.002604896107043467
31.946797037124632,2.118344016784214,6.002379465103149,0.8761259300134076,0.8,0.7,algorithm1,AMGM,"{'selector__L': 0.8, 'selector__MS': 0.7, 'selector__algorithm': 'algorithm1', 'selector__dispersion_measure': 'AMGM'}",0.2798507462686567,0.2889165628891656,0.29763387297633875,0.29389788293897884,0.2889165628891656,0.29140722291407223,0.2889165628891656,0.29389788293897884,0.29140722291407223,0.29140722291407223,0.29062517425326667,0.00444099379839265,1,0.301646603016466,0.29883785279468733,0.2934421693414499,0.2946873270614278,0.29607083563918096,0.29690094078583285,0.2946873270614278,0.2948256779192031,0.2933038184836746,0.29911455451023794,0.2963517106613588,0.002604896107043467
25.650882625579833,4.034196401312021,5.596848464012146,1.364981538081099,0.8,0.7,algorithm2,MM,"{'selector__L': 0.8, 'selector__MS': 0.7, 'selector__algorithm': 'algorithm2', 'selector__dispersion_measure': 'MM'}",0.291044776119403,0.2889165628891656,0.2889165628891656,0.29140722291407223,0.2876712328767123,0.2876712328767123,0.2851805728518057,0.2901618929016189,0.2876712328767123,0.2876712328767123,0.288631252207208,0.0017784969164851385,73,0.2907153729071537,0.2910902047592695,0.2908135030437189,0.2905368013281682,0.2912285556170448,0.2910902047592695,0.2908135030437189,0.2909518539014942,0.2909518539014942,0.2910902047592695,0.29092820580206014,0.00019871291147401722
17.951089835166933,3.3051252950629912,3.9357481241226195,0.2627918075110591,0.8,0.7,algorithm2,MAD,"{'selector__L': 0.8, 'selector__MS': 0.7, 'selector__algorithm': 'algorithm2', 'selector__dispersion_measure': 'MAD'}",0.27860696517412936,0.29265255292652553,0.29265255292652553,0.2901618929016189,0.2901618929016189,0.2851805728518057,0.286425902864259,0.2901618929016189,0.2876712328767123,0.2876712328767123,0.2881346691201526,0.003949743189407103,93,0.2940362529403625,0.2912285556170448,0.2910902047592695,0.2924737133370227,0.2917819590481461,0.2924737133370227,0.29136690647482016,0.2910902047592695,0.29205866076369674,0.29371887105700056,0.2921319042093655,0.0010038942546007755
15.881498169898986,0.7753697123185432,4.100708389282227,0.23657300835472145,0.8,0.7,algorithm2,TV,"{'selector__L': 0.8, 'selector__MS': 0.7, 'selector__algorithm': 'algorithm2', 'selector__dispersion_measure': 'TV'}",0.277363184079602,0.29389788293897884,0.29265255292652553,0.2901618929016189,0.2889165628891656,0.286425902864259,0.2851805728518057,0.2889165628891656,0.2876712328767123,0.2901618929016189,0.28813482401194523,0.004369829809412393,89,0.2940362529403625,0.2902600996126176,0.2912285556170448,0.29136690647482016,0.29192030990592144,0.29150525733259547,0.2916436081903708,0.2916436081903708,0.29136690647482016,0.2928887659103486,0.2917860270649272,0.0009699243470672536
15.06856141090393,1.3315351898992231,3.514832043647766,0.5196895825594708,0.8,0.7,algorithm2,AMGM,"{'selector__L': 0.8, 'selector__MS': 0.7, 'selector__algorithm': 'algorithm2', 'selector__dispersion_measure': 'AMGM'}",0.2922885572139303,0.29389788293897884,0.29140722291407223,0.29140722291407223,0.2889165628891656,0.286425902864259,0.2851805728518057,0.2889165628891656,0.2901618929016189,0.2901618929016189,0.28987642732786867,0.002502797935833769,57,0.2904386329043863,0.295655783065855,0.2909518539014942,0.2912285556170448,0.29136690647482016,0.2912285556170448,0.29136690647482016,0.29136690647482016,0.2909518539014942,0.29219701162147205,0.2916752966053252,0.001392013048078387
20.38279023170471,1.8501313885276747,3.9776803970336916,0.17515964568439427,0.8,0.75,algorithm1,MM,"{'selector__L': 0.8, 'selector__MS': 0.75, 'selector__algorithm': 'algorithm1', 'selector__dispersion_measure': 'MM'}",0.2798507462686567,0.2889165628891656,0.29763387297633875,0.29389788293897884,0.2889165628891656,0.29140722291407223,0.2876712328767123,0.29389788293897884,0.29140722291407223,0.29140722291407223,0.2905006412520213,0.004504171303938301,28,0.30150823301508234,0.29883785279468733,0.2934421693414499,0.2946873270614278,0.29607083563918096,0.29690094078583285,0.2951023796347537,0.2948256779192031,0.2933038184836746,0.29911455451023794,0.29637937891855304,0.002553266044479836
21.660833144187926,2.008119653226374,4.36216824054718,0.4134051891396946,0.8,0.75,algorithm1,MAD,"{'selector__L': 0.8, 'selector__MS': 0.75, 'selector__algorithm': 'algorithm1', 'selector__dispersion_measure': 'MAD'}",0.2798507462686567,0.2889165628891656,0.29763387297633875,0.29389788293897884,0.2889165628891656,0.29140722291407223,0.2889165628891656,0.29389788293897884,0.29140722291407223,0.29140722291407223,0.29062517425326667,0.00444099379839265,1,0.301646603016466,0.29883785279468733,0.2934421693414499,0.2946873270614278,0.29607083563918096,0.29690094078583285,0.2946873270614278,0.2948256779192031,0.2933038184836746,0.29911455451023794,0.2963517106613588,0.002604896107043467
20.84921443462372,1.8885816554370818,4.349051833152771,0.16842152553977713,0.8,0.75,algorithm1,TV,"{'selector__L': 0.8, 'selector__MS': 0.75, 'selector__algorithm': 'algorithm1', 'selector__dispersion_measure': 'TV'}",0.2798507462686567,0.2889165628891656,0.29763387297633875,0.29389788293897884,0.2889165628891656,0.29140722291407223,0.2889165628891656,0.29389788293897884,0.29140722291407223,0.29140722291407223,0.29062517425326667,0.00444099379839265,1,0.301646603016466,0.29883785279468733,0.2934421693414499,0.2946873270614278,0.29607083563918096,0.29690094078583285,0.2946873270614278,0.2948256779192031,0.2933038184836746,0.29911455451023794,0.2963517106613588,0.002604896107043467
21.36392734050751,2.113912191247475,4.132924127578735,0.19963002808067315,0.8,0.75,algorithm1,AMGM,"{'selector__L': 0.8, 'selector__MS': 0.75, 'selector__algorithm': 'algorithm1', 'selector__dispersion_measure': 'AMGM'}",0.2798507462686567,0.2889165628891656,0.29763387297633875,0.29389788293897884,0.2889165628891656,0.29140722291407223,0.2889165628891656,0.29389788293897884,0.29140722291407223,0.29140722291407223,0.29062517425326667,0.00444099379839265,1,0.301646603016466,0.29883785279468733,0.2934421693414499,0.2946873270614278,0.29607083563918096,0.29690094078583285,0.2946873270614278,0.2948256779192031,0.2933038184836746,0.29911455451023794,0.2963517106613588,0.002604896107043467
18.295053553581237,1.6152729924203042,4.149807572364807,0.3397508532181006,0.8,0.75,algorithm2,MM,"{'selector__L': 0.8, 'selector__MS': 0.75, 'selector__algorithm': 'algorithm2', 'selector__dispersion_measure': 'MM'}",0.291044776119403,0.2889165628891656,0.2889165628891656,0.29140722291407223,0.2889165628891656,0.2876712328767123,0.2851805728518057,0.2901618929016189,0.2876712328767123,0.2876712328767123,0.28875578520845335,0.0017502912102216996,65,0.2907153729071537,0.2910902047592695,0.2909518539014942,0.2903984504703929,0.2912285556170448,0.2912285556170448,0.2909518539014942,0.2909518539014942,0.2909518539014942,0.2910902047592695,0.29095587597361516,0.00023525017450983643
16.66819350719452,1.1650680308241073,4.033474779129028,0.21300127499723553,0.8,0.75,algorithm2,MAD,"{'selector__L': 0.8, 'selector__MS': 0.75, 'selector__algorithm': 'algorithm2', 'selector__dispersion_measure': 'MAD'}",0.27860696517412936,0.29265255292652553,0.29389788293897884,0.2901618929016189,0.2901618929016189,0.2851805728518057,0.286425902864259,0.2901618929016189,0.2876712328767123,0.2876712328767123,0.288259202121398,0.004106738211431416,81,0.29389788293897884,0.2912285556170448,0.2909518539014942,0.2924737133370227,0.29205866076369674,0.2924737133370227,0.29136690647482016,0.2912285556170448,0.29205866076369674,0.29371887105700056,0.2921457373807822,0.0009741378171621159
16.546066021919252,1.522184678881508,4.000683522224426,0.16686873280585204,0.8,0.75,algorithm2,TV,"{'selector__L': 0.8, 'selector__MS': 0.75, 'selector__algorithm': 'algorithm2', 'selector__dispersion_measure': 'TV'}",0.27860696517412936,0.29389788293897884,0.29265255292652553,0.2901618929016189,0.2889165628891656,0.286425902864259,0.2851805728518057,0.2889165628891656,0.2876712328767123,0.2901618929016189,0.288259202121398,0.004068799499760036,81,0.29417462294174623,0.2902600996126176,0.2912285556170448,0.29136690647482016,0.2917819590481461,0.29150525733259547,0.2916436081903708,0.29150525733259547,0.29136690647482016,0.29233536247924735,0.2917168535504004,0.0009553965680208647
15.963656163215637,1.8281711907936935,3.867987298965454,0.25875182281769976,0.8,0.75,algorithm2,AMGM,"{'selector__L': 0.8, 'selector__MS': 0.75, 'selector__algorithm': 'algorithm2', 'selector__dispersion_measure': 'AMGM'}",0.2922885572139303,0.29763387297633875,0.29140722291407223,0.29140722291407223,0.2889165628891656,0.286425902864259,0.2851805728518057,0.2889165628891656,0.2901618929016189,0.2901618929016189,0.2902500263316047,0.0032442267287760575,53,0.29057700290577004,0.30727725511898174,0.2909518539014942,0.2912285556170448,0.29136690647482016,0.2912285556170448,0.29150525733259547,0.29136690647482016,0.2910902047592695,0.29219701162147205,0.2928789509823313,0.004815554854970289
20.533978033065797,1.857289313473218,3.637749528884888,0.21534307488756424,0.8,0.8,algorithm1,MM,"{'selector__L': 0.8, 'selector__MS': 0.8, 'selector__algorithm': 'algorithm1', 'selector__dispersion_measure': 'MM'}",0.2798507462686567,0.2889165628891656,0.29763387297633875,0.29389788293897884,0.2889165628891656,0.29140722291407223,0.2876712328767123,0.29389788293897884,0.29140722291407223,0.29140722291407223,0.2905006412520213,0.004504171303938301,28,0.30150823301508234,0.29883785279468733,0.2934421693414499,0.2946873270614278,0.29607083563918096,0.29690094078583285,0.2951023796347537,0.2948256779192031,0.2933038184836746,0.29911455451023794,0.29637937891855304,0.002553266044479836
27.12730634212494,5.891429696554164,4.753725814819336,0.3502963559556059,0.8,0.8,algorithm1,MAD,"{'selector__L': 0.8, 'selector__MS': 0.8, 'selector__algorithm': 'algorithm1', 'selector__dispersion_measure': 'MAD'}",0.2798507462686567,0.2889165628891656,0.29763387297633875,0.29389788293897884,0.2889165628891656,0.29140722291407223,0.2889165628891656,0.29389788293897884,0.29140722291407223,0.29140722291407223,0.29062517425326667,0.00444099379839265,1,0.301646603016466,0.29883785279468733,0.2934421693414499,0.2946873270614278,0.29607083563918096,0.29690094078583285,0.2946873270614278,0.2948256779192031,0.2933038184836746,0.29911455451023794,0.2963517106613588,0.002604896107043467
24.36786608695984,1.3985676466974402,4.4098857879638675,0.5100173192366387,0.8,0.8,algorithm1,TV,"{'selector__L': 0.8, 'selector__MS': 0.8, 'selector__algorithm': 'algorithm1', 'selector__dispersion_measure': 'TV'}",0.2798507462686567,0.2889165628891656,0.29763387297633875,0.29389788293897884,0.2889165628891656,0.29140722291407223,0.2889165628891656,0.29389788293897884,0.29140722291407223,0.29140722291407223,0.29062517425326667,0.00444099379839265,1,0.301646603016466,0.29883785279468733,0.2934421693414499,0.2946873270614278,0.29607083563918096,0.29690094078583285,0.2946873270614278,0.2948256779192031,0.2933038184836746,0.29911455451023794,0.2963517106613588,0.002604896107043467
23.40871877670288,3.2889058096570936,4.399043846130371,0.860580033147735,0.8,0.8,algorithm1,AMGM,"{'selector__L': 0.8, 'selector__MS': 0.8, 'selector__algorithm': 'algorithm1', 'selector__dispersion_measure': 'AMGM'}",0.2798507462686567,0.2889165628891656,0.29763387297633875,0.29389788293897884,0.2889165628891656,0.29140722291407223,0.2889165628891656,0.29389788293897884,0.29140722291407223,0.29140722291407223,0.29062517425326667,0.00444099379839265,1,0.301646603016466,0.29883785279468733,0.2934421693414499,0.2946873270614278,0.29607083563918096,0.29690094078583285,0.2946873270614278,0.2948256779192031,0.2933038184836746,0.29911455451023794,0.2963517106613588,0.002604896107043467
19.030752420425415,2.804565515013084,3.840361452102661,0.24796846520531876,0.8,0.8,algorithm2,MM,"{'selector__L': 0.8, 'selector__MS': 0.8, 'selector__algorithm': 'algorithm2', 'selector__dispersion_measure': 'MM'}",0.2885572139303483,0.2901618929016189,0.2901618929016189,0.29140722291407223,0.2889165628891656,0.2876712328767123,0.2851805728518057,0.2889165628891656,0.2889165628891656,0.2876712328767123,0.2887560949920385,0.0016197539471384972,61,0.2909921129099211,0.29136690647482016,0.2909518539014942,0.2908135030437189,0.2912285556170448,0.2912285556170448,0.29136690647482016,0.29136690647482016,0.29136690647482016,0.29192030990592144,0.2912602516894426,0.0002915097009155214
22.47081310749054,1.0884990504893106,4.199676775932312,0.2694319028246056,0.8,0.8,algorithm2,MAD,"{'selector__L': 0.8, 'selector__MS': 0.8, 'selector__algorithm': 'algorithm2', 'selector__dispersion_measure': 'MAD'}",0.2798507462686567,0.29389788293897884,0.29389788293897884,0.2901618929016189,0.2901618929016189,0.2851805728518057,0.2876712328767123,0.29140722291407223,0.286425902864259,0.2876712328767123,0.28863264623334134,0.0040444755758658,69,0.29514321295143214,0.29150525733259547,0.2917819590481461,0.2924737133370227,0.29205866076369674,0.2924737133370227,0.2924737133370227,0.2924737133370227,0.29233536247924735,0.29427227448810184,0.29269915804113106,0.0010705436883453338
18.193109607696535,1.8001368099665853,3.7769338130950927,0.7007660256039886,0.8,0.8,algorithm2,TV,"{'selector__L': 0.8, 'selector__MS': 0.8, 'selector__algorithm': 'algorithm2', 'selector__dispersion_measure': 'TV'}",0.27860696517412936,0.29140722291407223,0.29265255292652553,0.2901618929016189,0.2901618929016189,0.286425902864259,0.286425902864259,0.29265255292652553,0.2876712328767123,0.2889165628891656,0.2885082681238886,0.00394713446198143,77,0.29514321295143214,0.2934421693414499,0.29219701162147205,0.29136690647482016,0.29192030990592144,0.29192030990592144,0.29192030990592144,0.29192030990592144,0.29233536247924735,0.2934421693414499,0.29256080718335575,0.0010710712644514658
18.158502745628358,3.0821138770568277,3.9486439704895018,0.37191107685849695,0.8,0.8,algorithm2,AMGM,"{'selector__L': 0.8, 'selector__MS': 0.8, 'selector__algorithm': 'algorithm2', 'selector__dispersion_measure': 'AMGM'}",0.2885572139303483,0.298879202988792,0.29389788293897884,0.29140722291407223,0.2901618929016189,0.2851805728518057,0.286425902864259,0.29265255292652553,0.2876712328767123,0.2889165628891656,0.2903750240082278,0.0038255653441951567,46,0.29113048291130483,0.30949086884338683,0.2917819590481461,0.29233536247924735,0.2917819590481461,0.29219701162147205,0.29192030990592144,0.2917819590481461,0.29219701162147205,0.2924737133370227,0.2937090637864265,0.005272959682764958
26.405444192886353,5.323921323865985,4.504646944999695,0.8216069714331904,0.9,0.7,algorithm1,MM,"{'selector__L': 0.9, 'selector__MS': 0.7, 'selector__algorithm': 'algorithm1', 'selector__dispersion_measure': 'MM'}",0.2798507462686567,0.2889165628891656,0.29763387297633875,0.29389788293897884,0.2889165628891656,0.29140722291407223,0.2876712328767123,0.29389788293897884,0.29140722291407223,0.2901618929016189,0.290376108250776,0.004494589712122279,34,0.30150823301508234,0.29883785279468733,0.2934421693414499,0.2946873270614278,0.29593248478140566,0.29648588821250693,0.2948256779192031,0.2948256779192031,0.2934421693414499,0.2992529053680133,0.2963240385754429,0.0025638299229910587
26.475500345230103,3.1298813128548892,4.243430805206299,0.3455223287766794,0.9,0.7,algorithm1,MAD,"{'selector__L': 0.9, 'selector__MS': 0.7, 'selector__algorithm': 'algorithm1', 'selector__dispersion_measure': 'MAD'}",0.2798507462686567,0.2889165628891656,0.29763387297633875,0.29389788293897884,0.2889165628891656,0.29140722291407223,0.2889165628891656,0.29389788293897884,0.29140722291407223,0.2901618929016189,0.29050064125202135,0.0044347739964122725,19,0.301646603016466,0.29883785279468733,0.2934421693414499,0.2946873270614278,0.29593248478140566,0.29648588821250693,0.2948256779192031,0.2948256779192031,0.2934421693414499,0.29911455451023794,0.29632404048980376,0.0025767184067100792
25.083019161224364,0.6443751804714543,4.366144442558289,0.7376255280644414,0.9,0.7,algorithm1,TV,"{'selector__L': 0.9, 'selector__MS': 0.7, 'selector__algorithm': 'algorithm1', 'selector__dispersion_measure': 'TV'}",0.2798507462686567,0.2889165628891656,0.29763387297633875,0.29389788293897884,0.2889165628891656,0.29140722291407223,0.2889165628891656,0.29389788293897884,0.29140722291407223,0.2901618929016189,0.29050064125202135,0.0044347739964122725,19,0.301646603016466,0.29883785279468733,0.2934421693414499,0.2946873270614278,0.29593248478140566,0.29648588821250693,0.2948256779192031,0.2948256779192031,0.2934421693414499,0.29911455451023794,0.29632404048980376,0.0025767184067100792
30.60675377845764,2.687190591196571,5.367450833320618,0.8258135767821189,0.9,0.7,algorithm1,AMGM,"{'selector__L': 0.9, 'selector__MS': 0.7, 'selector__algorithm': 'algorithm1', 'selector__dispersion_measure': 'AMGM'}",0.2798507462686567,0.2889165628891656,0.29763387297633875,0.29389788293897884,0.2889165628891656,0.29140722291407223,0.2889165628891656,0.29389788293897884,0.29140722291407223,0.2901618929016189,0.29050064125202135,0.0044347739964122725,19,0.301646603016466,0.29883785279468733,0.2934421693414499,0.2946873270614278,0.29593248478140566,0.29648588821250693,0.2948256779192031,0.2948256779192031,0.2934421693414499,0.29911455451023794,0.29632404048980376,0.0025767184067100792
18.080964517593383,2.052122882990503,4.155868625640869,0.6102979108470742,0.9,0.7,algorithm2,MM,"{'selector__L': 0.9, 'selector__MS': 0.7, 'selector__algorithm': 'algorithm2', 'selector__dispersion_measure': 'MM'}",0.291044776119403,0.2889165628891656,0.2889165628891656,0.29140722291407223,0.2876712328767123,0.2876712328767123,0.2851805728518057,0.2901618929016189,0.2876712328767123,0.2876712328767123,0.288631252207208,0.0017784969164851385,73,0.2907153729071537,0.2910902047592695,0.2908135030437189,0.2905368013281682,0.2912285556170448,0.2910902047592695,0.2908135030437189,0.2909518539014942,0.2909518539014942,0.2910902047592695,0.29092820580206014,0.00019871291147401722
15.98321099281311,2.339484475546078,4.175837922096252,0.8577601375478605,0.9,0.7,algorithm2,MAD,"{'selector__L': 0.9, 'selector__MS': 0.7, 'selector__algorithm': 'algorithm2', 'selector__dispersion_measure': 'MAD'}",0.27860696517412936,0.29265255292652553,0.29265255292652553,0.2901618929016189,0.2901618929016189,0.2851805728518057,0.286425902864259,0.2901618929016189,0.2876712328767123,0.2876712328767123,0.2881346691201526,0.003949743189407103,93,0.2940362529403625,0.2912285556170448,0.2910902047592695,0.2924737133370227,0.2917819590481461,0.2924737133370227,0.29136690647482016,0.2910902047592695,0.29205866076369674,0.29371887105700056,0.2921319042093655,0.0010038942546007755
20.239942479133607,2.424923671542637,4.670899677276611,0.5013577455370735,0.9,0.7,algorithm2,TV,"{'selector__L': 0.9, 'selector__MS': 0.7, 'selector__algorithm': 'algorithm2', 'selector__dispersion_measure': 'TV'}",0.277363184079602,0.29389788293897884,0.29265255292652553,0.2901618929016189,0.2889165628891656,0.286425902864259,0.2851805728518057,0.2889165628891656,0.2876712328767123,0.2901618929016189,0.28813482401194523,0.004369829809412393,89,0.2940362529403625,0.2902600996126176,0.2912285556170448,0.29136690647482016,0.29192030990592144,0.29150525733259547,0.2916436081903708,0.2916436081903708,0.29136690647482016,0.2928887659103486,0.2917860270649272,0.0009699243470672536
14.219297885894775,1.2539237883351446,3.1957348823547362,0.5050787871964768,0.9,0.7,algorithm2,AMGM,"{'selector__L': 0.9, 'selector__MS': 0.7, 'selector__algorithm': 'algorithm2', 'selector__dispersion_measure': 'AMGM'}",0.2922885572139303,0.29389788293897884,0.29140722291407223,0.29140722291407223,0.2889165628891656,0.286425902864259,0.2851805728518057,0.2889165628891656,0.2901618929016189,0.2901618929016189,0.28987642732786867,0.002502797935833769,57,0.2904386329043863,0.295655783065855,0.2909518539014942,0.2912285556170448,0.29136690647482016,0.2912285556170448,0.29136690647482016,0.29136690647482016,0.2909518539014942,0.29219701162147205,0.2916752966053252,0.001392013048078387
23.728834176063536,2.610855928775837,4.076566100120544,0.4339671298189234,0.9,0.75,algorithm1,MM,"{'selector__L': 0.9, 'selector__MS': 0.75, 'selector__algorithm': 'algorithm1', 'selector__dispersion_measure': 'MM'}",0.2798507462686567,0.2889165628891656,0.29763387297633875,0.29389788293897884,0.2889165628891656,0.29140722291407223,0.2876712328767123,0.29389788293897884,0.29140722291407223,0.2901618929016189,0.290376108250776,0.004494589712122279,34,0.30150823301508234,0.29883785279468733,0.2934421693414499,0.2946873270614278,0.29593248478140566,0.29648588821250693,0.2948256779192031,0.2948256779192031,0.2934421693414499,0.2992529053680133,0.2963240385754429,0.0025638299229910587
27.1727215051651,2.9446795026838752,4.62832281589508,0.6324498566263902,0.9,0.75,algorithm1,MAD,"{'selector__L': 0.9, 'selector__MS': 0.75, 'selector__algorithm': 'algorithm1', 'selector__dispersion_measure': 'MAD'}",0.2798507462686567,0.2889165628891656,0.29763387297633875,0.29389788293897884,0.2889165628891656,0.29140722291407223,0.2889165628891656,0.29389788293897884,0.29140722291407223,0.2901618929016189,0.29050064125202135,0.0044347739964122725,19,0.301646603016466,0.29883785279468733,0.2934421693414499,0.2946873270614278,0.29593248478140566,0.29648588821250693,0.2948256779192031,0.2948256779192031,0.2934421693414499,0.29911455451023794,0.29632404048980376,0.0025767184067100792
26.40544331073761,1.320982621558482,4.622161269187927,0.48109067373080006,0.9,0.75,algorithm1,TV,"{'selector__L': 0.9, 'selector__MS': 0.75, 'selector__algorithm': 'algorithm1', 'selector__dispersion_measure': 'TV'}",0.2798507462686567,0.2889165628891656,0.29763387297633875,0.29389788293897884,0.2889165628891656,0.29140722291407223,0.2889165628891656,0.29389788293897884,0.29140722291407223,0.2901618929016189,0.29050064125202135,0.0044347739964122725,19,0.301646603016466,0.29883785279468733,0.2934421693414499,0.2946873270614278,0.29593248478140566,0.29648588821250693,0.2948256779192031,0.2948256779192031,0.2934421693414499,0.29911455451023794,0.29632404048980376,0.0025767184067100792
26.25419385433197,2.1767379569995713,4.665284991264343,0.7384802387849458,0.9,0.75,algorithm1,AMGM,"{'selector__L': 0.9, 'selector__MS': 0.75, 'selector__algorithm': 'algorithm1', 'selector__dispersion_measure': 'AMGM'}",0.2798507462686567,0.2889165628891656,0.29763387297633875,0.29389788293897884,0.2889165628891656,0.29140722291407223,0.2889165628891656,0.29389788293897884,0.29140722291407223,0.2901618929016189,0.29050064125202135,0.0044347739964122725,19,0.301646603016466,0.29883785279468733,0.2934421693414499,0.2946873270614278,0.29593248478140566,0.29648588821250693,0.2948256779192031,0.2948256779192031,0.2934421693414499,0.29911455451023794,0.29632404048980376,0.0025767184067100792
21.57838749885559,2.636259956901644,4.61419370174408,0.19016240202357246,0.9,0.75,algorithm2,MM,"{'selector__L': 0.9, 'selector__MS': 0.75, 'selector__algorithm': 'algorithm2', 'selector__dispersion_measure': 'MM'}",0.291044776119403,0.2889165628891656,0.2889165628891656,0.29140722291407223,0.2889165628891656,0.2876712328767123,0.2851805728518057,0.2901618929016189,0.2876712328767123,0.2876712328767123,0.28875578520845335,0.0017502912102216996,65,0.2907153729071537,0.2910902047592695,0.2909518539014942,0.2903984504703929,0.2912285556170448,0.2912285556170448,0.2909518539014942,0.2909518539014942,0.2909518539014942,0.2910902047592695,0.29095587597361516,0.00023525017450983643
16.01674880981445,0.5476878005343635,3.637847137451172,0.43332366704351427,0.9,0.75,algorithm2,MAD,"{'selector__L': 0.9, 'selector__MS': 0.75, 'selector__algorithm': 'algorithm2', 'selector__dispersion_measure': 'MAD'}",0.27860696517412936,0.29265255292652553,0.29389788293897884,0.2901618929016189,0.2901618929016189,0.2851805728518057,0.286425902864259,0.2901618929016189,0.2876712328767123,0.2876712328767123,0.288259202121398,0.004106738211431416,81,0.29389788293897884,0.2912285556170448,0.2909518539014942,0.2924737133370227,0.29205866076369674,0.2924737133370227,0.29136690647482016,0.2912285556170448,0.29205866076369674,0.29371887105700056,0.2921457373807822,0.0009741378171621159
19.694416809082032,2.1829471791871216,4.766810774803162,0.5333490886361734,0.9,0.75,algorithm2,TV,"{'selector__L': 0.9, 'selector__MS': 0.75, 'selector__algorithm': 'algorithm2', 'selector__dispersion_measure': 'TV'}",0.27860696517412936,0.29389788293897884,0.29265255292652553,0.2901618929016189,0.2889165628891656,0.286425902864259,0.2851805728518057,0.2889165628891656,0.2876712328767123,0.2901618929016189,0.288259202121398,0.004068799499760036,81,0.29417462294174623,0.2902600996126176,0.2912285556170448,0.29136690647482016,0.2917819590481461,0.29150525733259547,0.2916436081903708,0.29150525733259547,0.29136690647482016,0.29233536247924735,0.2917168535504004,0.0009553965680208647
22.462198781967164,3.2077091532249526,5.419278812408447,0.8336600382267704,0.9,0.75,algorithm2,AMGM,"{'selector__L': 0.9, 'selector__MS': 0.75, 'selector__algorithm': 'algorithm2', 'selector__dispersion_measure': 'AMGM'}",0.2922885572139303,0.29763387297633875,0.29140722291407223,0.29140722291407223,0.2889165628891656,0.286425902864259,0.2851805728518057,0.2889165628891656,0.2901618929016189,0.2901618929016189,0.2902500263316047,0.0032442267287760575,53,0.29057700290577004,0.30727725511898174,0.2909518539014942,0.2912285556170448,0.29136690647482016,0.2912285556170448,0.29150525733259547,0.29136690647482016,0.2910902047592695,0.29219701162147205,0.2928789509823313,0.004815554854970289
32.05311477184296,1.1832488129377636,5.6143115043640135,0.22888966455143991,0.9,0.8,algorithm1,MM,"{'selector__L': 0.9, 'selector__MS': 0.8, 'selector__algorithm': 'algorithm1', 'selector__dispersion_measure': 'MM'}",0.2798507462686567,0.2889165628891656,0.29763387297633875,0.29389788293897884,0.2889165628891656,0.29140722291407223,0.2876712328767123,0.29389788293897884,0.29140722291407223,0.2901618929016189,0.290376108250776,0.004494589712122279,34,0.30150823301508234,0.29883785279468733,0.2934421693414499,0.2946873270614278,0.29593248478140566,0.29648588821250693,0.2948256779192031,0.2948256779192031,0.2934421693414499,0.2992529053680133,0.2963240385754429,0.0025638299229910587
32.817611718177794,2.8433490700909827,5.307782125473023,0.8328219644357719,0.9,0.8,algorithm1,MAD,"{'selector__L': 0.9, 'selector__MS': 0.8, 'selector__algorithm': 'algorithm1', 'selector__dispersion_measure': 'MAD'}",0.2798507462686567,0.2889165628891656,0.29763387297633875,0.29389788293897884,0.2889165628891656,0.29140722291407223,0.2889165628891656,0.29389788293897884,0.29140722291407223,0.2901618929016189,0.29050064125202135,0.0044347739964122725,19,0.301646603016466,0.29883785279468733,0.2934421693414499,0.2946873270614278,0.29593248478140566,0.29648588821250693,0.2948256779192031,0.2948256779192031,0.2934421693414499,0.29911455451023794,0.29632404048980376,0.0025767184067100792
31.525921440124513,1.3012387615399639,5.626192235946656,0.2787176074304126,0.9,0.8,algorithm1,TV,"{'selector__L': 0.9, 'selector__MS': 0.8, 'selector__algorithm': 'algorithm1', 'selector__dispersion_measure': 'TV'}",0.2798507462686567,0.2889165628891656,0.29763387297633875,0.29389788293897884,0.2889165628891656,0.29140722291407223,0.2889165628891656,0.29389788293897884,0.29140722291407223,0.2901618929016189,0.29050064125202135,0.0044347739964122725,19,0.301646603016466,0.29883785279468733,0.2934421693414499,0.2946873270614278,0.29593248478140566,0.29648588821250693,0.2948256779192031,0.2948256779192031,0.2934421693414499,0.29911455451023794,0.29632404048980376,0.0025767184067100792
30.054154682159425,1.361026532557756,5.160144734382629,0.5607104494790471,0.9,0.8,algorithm1,AMGM,"{'selector__L': 0.9, 'selector__MS': 0.8, 'selector__algorithm': 'algorithm1', 'selector__dispersion_measure': 'AMGM'}",0.2798507462686567,0.2889165628891656,0.29763387297633875,0.29389788293897884,0.2889165628891656,0.29140722291407223,0.2889165628891656,0.29389788293897884,0.29140722291407223,0.2901618929016189,0.29050064125202135,0.0044347739964122725,19,0.301646603016466,0.29883785279468733,0.2934421693414499,0.2946873270614278,0.29593248478140566,0.29648588821250693,0.2948256779192031,0.2948256779192031,0.2934421693414499,0.29911455451023794,0.29632404048980376,0.0025767184067100792
20.036082053184508,1.255673093202133,4.553958821296692,0.5662905718912297,0.9,0.8,algorithm2,MM,"{'selector__L': 0.9, 'selector__MS': 0.8, 'selector__algorithm': 'algorithm2', 'selector__dispersion_measure': 'MM'}",0.2885572139303483,0.2901618929016189,0.2901618929016189,0.29140722291407223,0.2889165628891656,0.2876712328767123,0.2851805728518057,0.2889165628891656,0.2889165628891656,0.2876712328767123,0.2887560949920385,0.0016197539471384972,61,0.2909921129099211,0.29136690647482016,0.2909518539014942,0.2908135030437189,0.2912285556170448,0.2912285556170448,0.29136690647482016,0.29136690647482016,0.29136690647482016,0.29192030990592144,0.2912602516894426,0.0002915097009155214
17.73216071128845,2.2685498857359208,3.491450333595276,0.2777698818233279,0.9,0.8,algorithm2,MAD,"{'selector__L': 0.9, 'selector__MS': 0.8, 'selector__algorithm': 'algorithm2', 'selector__dispersion_measure': 'MAD'}",0.2798507462686567,0.29389788293897884,0.29389788293897884,0.2901618929016189,0.2901618929016189,0.2851805728518057,0.2876712328767123,0.29140722291407223,0.286425902864259,0.2876712328767123,0.28863264623334134,0.0040444755758658,69,0.29514321295143214,0.29150525733259547,0.2917819590481461,0.2924737133370227,0.29205866076369674,0.2924737133370227,0.2924737133370227,0.2924737133370227,0.29233536247924735,0.29427227448810184,0.29269915804113106,0.0010705436883453338
17.55376296043396,1.9275816408725064,3.879663586616516,0.36405152467377105,0.9,0.8,algorithm2,TV,"{'selector__L': 0.9, 'selector__MS': 0.8, 'selector__algorithm': 'algorithm2', 'selector__dispersion_measure': 'TV'}",0.27860696517412936,0.29140722291407223,0.29265255292652553,0.2901618929016189,0.2901618929016189,0.286425902864259,0.286425902864259,0.29265255292652553,0.2876712328767123,0.2889165628891656,0.2885082681238886,0.00394713446198143,77,0.29514321295143214,0.2934421693414499,0.29219701162147205,0.29136690647482016,0.29192030990592144,0.29192030990592144,0.29192030990592144,0.29192030990592144,0.29233536247924735,0.2934421693414499,0.29256080718335575,0.0010710712644514658
16.268957924842834,1.7059614646931993,3.5785907983779905,0.31573535562041427,0.9,0.8,algorithm2,AMGM,"{'selector__L': 0.9, 'selector__MS': 0.8, 'selector__algorithm': 'algorithm2', 'selector__dispersion_measure': 'AMGM'}",0.2885572139303483,0.298879202988792,0.29389788293897884,0.29140722291407223,0.2901618929016189,0.2851805728518057,0.286425902864259,0.29265255292652553,0.2876712328767123,0.2889165628891656,0.2903750240082278,0.0038255653441951567,46,0.29113048291130483,0.30949086884338683,0.2917819590481461,0.29233536247924735,0.2917819590481461,0.29219701162147205,0.29192030990592144,0.2917819590481461,0.29219701162147205,0.2924737133370227,0.2937090637864265,0.005272959682764958
20.123956871032714,2.865351291259323,3.831731152534485,0.3056255259300453,0.95,0.7,algorithm1,MM,"{'selector__L': 0.95, 'selector__MS': 0.7, 'selector__algorithm': 'algorithm1', 'selector__dispersion_measure': 'MM'}",0.2798507462686567,0.2889165628891656,0.29763387297633875,0.29389788293897884,0.2889165628891656,0.2901618929016189,0.2876712328767123,0.29389788293897884,0.29140722291407223,0.2901618929016189,0.29025157524953066,0.0044815284545131765,50,0.301646603016466,0.298699501936912,0.2934421693414499,0.2946873270614278,0.29579413392363035,0.29634753735473157,0.2948256779192031,0.2946873270614278,0.29358052019922526,0.29911455451023794,0.2962825352324712,0.0025584843292386803
22.771607565879822,2.471596138012849,4.198049902915955,0.43423694245228817,0.95,0.7,algorithm1,MAD,"{'selector__L': 0.95, 'selector__MS': 0.7, 'selector__algorithm': 'algorithm1', 'selector__dispersion_measure': 'MAD'}",0.2798507462686567,0.2889165628891656,0.29763387297633875,0.29389788293897884,0.2889165628891656,0.2901618929016189,0.2889165628891656,0.29389788293897884,0.29140722291407223,0.2901618929016189,0.290376108250776,0.00442504214040371,34,0.301646603016466,0.29856115107913667,0.2934421693414499,0.2946873270614278,0.29579413392363035,0.29634753735473157,0.2946873270614278,0.2946873270614278,0.29358052019922526,0.29911455451023794,0.29625486506091614,0.002553886885703837
23.812465476989747,1.7020997523114139,4.343743395805359,0.1825647817937954,0.95,0.7,algorithm1,TV,"{'selector__L': 0.95, 'selector__MS': 0.7, 'selector__algorithm': 'algorithm1', 'selector__dispersion_measure': 'TV'}",0.2798507462686567,0.2889165628891656,0.29763387297633875,0.29389788293897884,0.2889165628891656,0.2901618929016189,0.2889165628891656,0.29389788293897884,0.29140722291407223,0.2901618929016189,0.290376108250776,0.00442504214040371,34,0.301646603016466,0.29856115107913667,0.2934421693414499,0.2946873270614278,0.29579413392363035,0.29634753735473157,0.2946873270614278,0.2946873270614278,0.29358052019922526,0.29911455451023794,0.29625486506091614,0.002553886885703837
26.78486557006836,1.8608863449255997,4.400208854675293,0.5092136775209896,0.95,0.7,algorithm1,AMGM,"{'selector__L': 0.95, 'selector__MS': 0.7, 'selector__algorithm': 'algorithm1', 'selector__dispersion_measure': 'AMGM'}",0.2798507462686567,0.2889165628891656,0.29763387297633875,0.29389788293897884,0.2889165628891656,0.2901618929016189,0.2889165628891656,0.29389788293897884,0.29140722291407223,0.2901618929016189,0.290376108250776,0.00442504214040371,34,0.301646603016466,0.29856115107913667,0.2934421693414499,0.2946873270614278,0.29579413392363035,0.29634753735473157,0.2946873270614278,0.2946873270614278,0.29358052019922526,0.29911455451023794,0.29625486506091614,0.002553886885703837
16.011050939559937,1.0325340406747754,3.9405378103256226,0.26811064641300175,0.95,0.7,algorithm2,MM,"{'selector__L': 0.95, 'selector__MS': 0.7, 'selector__algorithm': 'algorithm2', 'selector__dispersion_measure': 'MM'}",0.291044776119403,0.2889165628891656,0.2889165628891656,0.29140722291407223,0.2876712328767123,0.2876712328767123,0.2851805728518057,0.2901618929016189,0.2876712328767123,0.2876712328767123,0.288631252207208,0.0017784969164851385,73,0.2907153729071537,0.2910902047592695,0.2908135030437189,0.2905368013281682,0.2912285556170448,0.2910902047592695,0.2908135030437189,0.2909518539014942,0.2909518539014942,0.2910902047592695,0.29092820580206014,0.00019871291147401722
15.306020283699036,1.547685521724572,3.5627972364425657,0.27285690659751743,0.95,0.7,algorithm2,MAD,"{'selector__L': 0.95, 'selector__MS': 0.7, 'selector__algorithm': 'algorithm2', 'selector__dispersion_measure': 'MAD'}",0.27860696517412936,0.29265255292652553,0.29265255292652553,0.2901618929016189,0.2901618929016189,0.2851805728518057,0.286425902864259,0.2901618929016189,0.2876712328767123,0.2876712328767123,0.2881346691201526,0.003949743189407103,93,0.2940362529403625,0.2912285556170448,0.2910902047592695,0.2924737133370227,0.2917819590481461,0.2924737133370227,0.29136690647482016,0.2910902047592695,0.29205866076369674,0.29371887105700056,0.2921319042093655,0.0010038942546007755
13.019197177886962,0.473768558716997,3.456859517097473,0.14042908771798887,0.95,0.7,algorithm2,TV,"{'selector__L': 0.95, 'selector__MS': 0.7, 'selector__algorithm': 'algorithm2', 'selector__dispersion_measure': 'TV'}",0.277363184079602,0.29389788293897884,0.29265255292652553,0.2901618929016189,0.2889165628891656,0.286425902864259,0.2851805728518057,0.2889165628891656,0.2876712328767123,0.2901618929016189,0.28813482401194523,0.004369829809412393,89,0.2940362529403625,0.2902600996126176,0.2912285556170448,0.29136690647482016,0.29192030990592144,0.29150525733259547,0.2916436081903708,0.2916436081903708,0.29136690647482016,0.2928887659103486,0.2917860270649272,0.0009699243470672536
14.164801788330077,1.3167845687395752,3.4892505168914796,0.4628396769094183,0.95,0.7,algorithm2,AMGM,"{'selector__L': 0.95, 'selector__MS': 0.7, 'selector__algorithm': 'algorithm2', 'selector__dispersion_measure': 'AMGM'}",0.2922885572139303,0.29389788293897884,0.29140722291407223,0.29140722291407223,0.2889165628891656,0.286425902864259,0.2851805728518057,0.2889165628891656,0.2901618929016189,0.2901618929016189,0.28987642732786867,0.002502797935833769,57,0.2904386329043863,0.295655783065855,0.2909518539014942,0.2912285556170448,0.29136690647482016,0.2912285556170448,0.29136690647482016,0.29136690647482016,0.2909518539014942,0.29219701162147205,0.2916752966053252,0.001392013048078387
32.73134417533875,2.7754304987184493,5.589010739326477,0.6258982043142505,0.95,0.75,algorithm1,MM,"{'selector__L': 0.95, 'selector__MS': 0.75, 'selector__algorithm': 'algorithm1', 'selector__dispersion_measure': 'MM'}",0.2798507462686567,0.2889165628891656,0.29763387297633875,0.29389788293897884,0.2889165628891656,0.2901618929016189,0.2876712328767123,0.29389788293897884,0.29140722291407223,0.2901618929016189,0.29025157524953066,0.0044815284545131765,50,0.301646603016466,0.298699501936912,0.2934421693414499,0.2946873270614278,0.29579413392363035,0.29634753735473157,0.2948256779192031,0.2946873270614278,0.29358052019922526,0.29911455451023794,0.2962825352324712,0.0025584843292386803
31.21345591545105,1.9964676873183327,4.353475308418274,0.4850854874713443,0.95,0.75,algorithm1,MAD,"{'selector__L': 0.95, 'selector__MS': 0.75, 'selector__algorithm': 'algorithm1', 'selector__dispersion_measure': 'MAD'}",0.2798507462686567,0.2889165628891656,0.29763387297633875,0.29389788293897884,0.2889165628891656,0.2901618929016189,0.2889165628891656,0.29389788293897884,0.29140722291407223,0.2901618929016189,0.290376108250776,0.00442504214040371,34,0.301646603016466,0.29856115107913667,0.2934421693414499,0.2946873270614278,0.29579413392363035,0.29634753735473157,0.2946873270614278,0.2946873270614278,0.29358052019922526,0.29911455451023794,0.29625486506091614,0.002553886885703837
26.967292404174806,1.6270877003608575,4.26188633441925,0.5099916926658097,0.95,0.75,algorithm1,TV,"{'selector__L': 0.95, 'selector__MS': 0.75, 'selector__algorithm': 'algorithm1', 'selector__dispersion_measure': 'TV'}",0.2798507462686567,0.2889165628891656,0.29763387297633875,0.29389788293897884,0.2889165628891656,0.2901618929016189,0.2889165628891656,0.29389788293897884,0.29140722291407223,0.2901618929016189,0.290376108250776,0.00442504214040371,34,0.301646603016466,0.29856115107913667,0.2934421693414499,0.2946873270614278,0.29579413392363035,0.29634753735473157,0.2946873270614278,0.2946873270614278,0.29358052019922526,0.29911455451023794,0.29625486506091614,0.002553886885703837
25.062476897239684,1.9511220328860444,4.252063202857971,0.48680526121444384,0.95,0.75,algorithm1,AMGM,"{'selector__L': 0.95, 'selector__MS': 0.75, 'selector__algorithm': 'algorithm1', 'selector__dispersion_measure': 'AMGM'}",0.2798507462686567,0.2889165628891656,0.29763387297633875,0.29389788293897884,0.2889165628891656,0.2901618929016189,0.2889165628891656,0.29389788293897884,0.29140722291407223,0.2901618929016189,0.290376108250776,0.00442504214040371,34,0.301646603016466,0.29856115107913667,0.2934421693414499,0.2946873270614278,0.29579413392363035,0.29634753735473157,0.2946873270614278,0.2946873270614278,0.29358052019922526,0.29911455451023794,0.29625486506091614,0.002553886885703837
17.730953526496886,1.387233498456909,3.7586212396621703,0.17042703835863027,0.95,0.75,algorithm2,MM,"{'selector__L': 0.95, 'selector__MS': 0.75, 'selector__algorithm': 'algorithm2', 'selector__dispersion_measure': 'MM'}",0.291044776119403,0.2889165628891656,0.2889165628891656,0.29140722291407223,0.2889165628891656,0.2876712328767123,0.2851805728518057,0.2901618929016189,0.2876712328767123,0.2876712328767123,0.28875578520845335,0.0017502912102216996,65,0.2907153729071537,0.2910902047592695,0.2909518539014942,0.2903984504703929,0.2912285556170448,0.2912285556170448,0.2909518539014942,0.2909518539014942,0.2909518539014942,0.2910902047592695,0.29095587597361516,0.00023525017450983643
17.690442752838134,1.250825168256284,3.498918318748474,0.28952508095119817,0.95,0.75,algorithm2,MAD,"{'selector__L': 0.95, 'selector__MS': 0.75, 'selector__algorithm': 'algorithm2', 'selector__dispersion_measure': 'MAD'}",0.27860696517412936,0.29265255292652553,0.29389788293897884,0.2901618929016189,0.2901618929016189,0.2851805728518057,0.286425902864259,0.2901618929016189,0.2876712328767123,0.2876712328767123,0.288259202121398,0.004106738211431416,81,0.29389788293897884,0.2912285556170448,0.2909518539014942,0.2924737133370227,0.29205866076369674,0.2924737133370227,0.29136690647482016,0.2912285556170448,0.29205866076369674,0.29371887105700056,0.2921457373807822,0.0009741378171621159
21.487072157859803,1.3316548379688105,4.4485615491867065,0.2733251211185524,0.95,0.75,algorithm2,TV,"{'selector__L': 0.95, 'selector__MS': 0.75, 'selector__algorithm': 'algorithm2', 'selector__dispersion_measure': 'TV'}",0.27860696517412936,0.29389788293897884,0.29265255292652553,0.2901618929016189,0.2889165628891656,0.286425902864259,0.2851805728518057,0.2889165628891656,0.2876712328767123,0.2901618929016189,0.288259202121398,0.004068799499760036,81,0.29417462294174623,0.2902600996126176,0.2912285556170448,0.29136690647482016,0.2917819590481461,0.29150525733259547,0.2916436081903708,0.29150525733259547,0.29136690647482016,0.29233536247924735,0.2917168535504004,0.0009553965680208647
20.481853675842284,1.6875910553720894,4.2896201610565186,0.31121813613812205,0.95,0.75,algorithm2,AMGM,"{'selector__L': 0.95, 'selector__MS': 0.75, 'selector__algorithm': 'algorithm2', 'selector__dispersion_measure': 'AMGM'}",0.2922885572139303,0.29763387297633875,0.29140722291407223,0.29140722291407223,0.2889165628891656,0.286425902864259,0.2851805728518057,0.2889165628891656,0.2901618929016189,0.2901618929016189,0.2902500263316047,0.0032442267287760575,53,0.29057700290577004,0.30727725511898174,0.2909518539014942,0.2912285556170448,0.29136690647482016,0.2912285556170448,0.29150525733259547,0.29136690647482016,0.2910902047592695,0.29219701162147205,0.2928789509823313,0.004815554854970289
22.228591632843017,2.5225425972229427,4.095606803894043,0.15162831604446278,0.95,0.8,algorithm1,MM,"{'selector__L': 0.95, 'selector__MS': 0.8, 'selector__algorithm': 'algorithm1', 'selector__dispersion_measure': 'MM'}",0.2798507462686567,0.2889165628891656,0.29763387297633875,0.29389788293897884,0.2889165628891656,0.2901618929016189,0.2876712328767123,0.29389788293897884,0.29140722291407223,0.2901618929016189,0.29025157524953066,0.0044815284545131765,50,0.301646603016466,0.298699501936912,0.2934421693414499,0.2946873270614278,0.29579413392363035,0.29634753735473157,0.2948256779192031,0.2946873270614278,0.29358052019922526,0.29911455451023794,0.2962825352324712,0.0025584843292386803
23.983707737922668,0.8312280108319557,4.808857488632202,0.6560810402323084,0.95,0.8,algorithm1,MAD,"{'selector__L': 0.95, 'selector__MS': 0.8, 'selector__algorithm': 'algorithm1', 'selector__dispersion_measure': 'MAD'}",0.2798507462686567,0.2889165628891656,0.29763387297633875,0.29389788293897884,0.2889165628891656,0.2901618929016189,0.2889165628891656,0.29389788293897884,0.29140722291407223,0.2901618929016189,0.290376108250776,0.00442504214040371,34,0.301646603016466,0.29856115107913667,0.2934421693414499,0.2946873270614278,0.29579413392363035,0.29634753735473157,0.2946873270614278,0.2946873270614278,0.29358052019922526,0.29911455451023794,0.29625486506091614,0.002553886885703837
23.036574149131773,0.5398879925204619,4.467522311210632,0.949048653476633,0.95,0.8,algorithm1,TV,"{'selector__L': 0.95, 'selector__MS': 0.8, 'selector__algorithm': 'algorithm1', 'selector__dispersion_measure': 'TV'}",0.2798507462686567,0.2889165628891656,0.29763387297633875,0.29389788293897884,0.2889165628891656,0.2901618929016189,0.2889165628891656,0.29389788293897884,0.29140722291407223,0.2901618929016189,0.290376108250776,0.00442504214040371,34,0.301646603016466,0.29856115107913667,0.2934421693414499,0.2946873270614278,0.29579413392363035,0.29634753735473157,0.2946873270614278,0.2946873270614278,0.29358052019922526,0.29911455451023794,0.29625486506091614,0.002553886885703837
29.20448031425476,4.522042860904796,4.38774573802948,0.8233782587326027,0.95,0.8,algorithm1,AMGM,"{'selector__L': 0.95, 'selector__MS': 0.8, 'selector__algorithm': 'algorithm1', 'selector__dispersion_measure': 'AMGM'}",0.2798507462686567,0.2889165628891656,0.29763387297633875,0.29389788293897884,0.2889165628891656,0.2901618929016189,0.2889165628891656,0.29389788293897884,0.29140722291407223,0.2901618929016189,0.290376108250776,0.00442504214040371,34,0.301646603016466,0.29856115107913667,0.2934421693414499,0.2946873270614278,0.29579413392363035,0.29634753735473157,0.2946873270614278,0.2946873270614278,0.29358052019922526,0.29911455451023794,0.29625486506091614,0.002553886885703837
18.434987235069276,2.576212008415922,4.248266506195068,0.5586206331240892,0.95,0.8,algorithm2,MM,"{'selector__L': 0.95, 'selector__MS': 0.8, 'selector__algorithm': 'algorithm2', 'selector__dispersion_measure': 'MM'}",0.2885572139303483,0.2901618929016189,0.2901618929016189,0.29140722291407223,0.2889165628891656,0.2876712328767123,0.2851805728518057,0.2889165628891656,0.2889165628891656,0.2876712328767123,0.2887560949920385,0.0016197539471384972,61,0.2909921129099211,0.29136690647482016,0.2909518539014942,0.2908135030437189,0.2912285556170448,0.2912285556170448,0.29136690647482016,0.29136690647482016,0.29136690647482016,0.29192030990592144,0.2912602516894426,0.0002915097009155214
19.60229871273041,1.669736860932663,4.282406640052796,0.6361174583559988,0.95,0.8,algorithm2,MAD,"{'selector__L': 0.95, 'selector__MS': 0.8, 'selector__algorithm': 'algorithm2', 'selector__dispersion_measure': 'MAD'}",0.2798507462686567,0.29389788293897884,0.29389788293897884,0.2901618929016189,0.2901618929016189,0.2851805728518057,0.2876712328767123,0.29140722291407223,0.286425902864259,0.2876712328767123,0.28863264623334134,0.0040444755758658,69,0.29514321295143214,0.29150525733259547,0.2917819590481461,0.2924737133370227,0.29205866076369674,0.2924737133370227,0.2924737133370227,0.2924737133370227,0.29233536247924735,0.29427227448810184,0.29269915804113106,0.0010705436883453338
20.99755973815918,3.15080206957287,4.845439434051514,0.9105555681378484,0.95,0.8,algorithm2,TV,"{'selector__L': 0.95, 'selector__MS': 0.8, 'selector__algorithm': 'algorithm2', 'selector__dispersion_measure': 'TV'}",0.27860696517412936,0.29140722291407223,0.29265255292652553,0.2901618929016189,0.2901618929016189,0.286425902864259,0.286425902864259,0.29265255292652553,0.2876712328767123,0.2889165628891656,0.2885082681238886,0.00394713446198143,77,0.29514321295143214,0.2934421693414499,0.29219701162147205,0.29136690647482016,0.29192030990592144,0.29192030990592144,0.29192030990592144,0.29192030990592144,0.29233536247924735,0.2934421693414499,0.29256080718335575,0.0010710712644514658
16.54872329235077,1.1763264522853758,3.8645461082458494,0.20446950572856562,0.95,0.8,algorithm2,AMGM,"{'selector__L': 0.95, 'selector__MS': 0.8, 'selector__algorithm': 'algorithm2', 'selector__dispersion_measure': 'AMGM'}",0.2885572139303483,0.298879202988792,0.29389788293897884,0.29140722291407223,0.2901618929016189,0.2851805728518057,0.286425902864259,0.29265255292652553,0.2876712328767123,0.2889165628891656,0.2903750240082278,0.0038255653441951567,46,0.29113048291130483,0.30949086884338683,0.2917819590481461,0.29233536247924735,0.2917819590481461,0.29219701162147205,0.29192030990592144,0.2917819590481461,0.29219701162147205,0.2924737133370227,0.2937090637864265,0.005272959682764958
